Source;Nom du Projet;Ville;Catégorie;Statut;Prix (DHS);Superficie Min;Superficie Max;Date de début;Lien
Liliskane;Assafa;Had Soualem;Économique;N/A;250 000 DHS;55 m²;65 m²;N/A;https://www.liliskane.com/projet/180/assafa
Liliskane;Al Yassamine;Agadir;Moyen Standing;N/A;504 000 DHS;77 m²;142 m²;N/A;https://www.liliskane.com/projet/77/al-yassamine
Liliskane;Al Anbra;Agadir;Moyen Standing;N/A;903 000 DHS;97 m²;111 m²;N/A;https://www.liliskane.com/projet/210/al-anbra
Liliskane;Tulipe;Casablanca;Moyen Standing;N/A;594 000 DHS;68 m²;157 m²;N/A;https://www.liliskane.com/projet/162/tulipe
Liliskane;Assalam TG;Casablanca;Moyen Standing;N/A;1 370 000 DHS;179 m²;213 m²;N/A;https://www.liliskane.com/projet/72/assalam-tg
Liliskane;Massylia;Agadir;Moyen Standing;N/A;865 000 DHS;65 m²;96 m²;N/A;https://www.liliskane.com/projet/186/massylia
Liliskane;Les Pins de Maamora;Casablanca;Moyen Standing;N/A;850 000 DHS;72 m²;97 m²;N/A;https://www.liliskane.com/projet/79/les-pins-de-maamora
Liliskane;Bougainvillier;Casablanca;Moyen Standing;N/A;700 000 DHS;70 m²;155 m²;N/A;https://www.liliskane.com/projet/160/bougainvillier
Liliskane;Dyar Al Bahia;Temara;Moyen Standing;N/A;504 000 DHS;54 m²;80 m²;N/A;https://www.liliskane.com/projet/161/dyar-al-bahia
Liliskane;Jasmin;Casablanca;Moyen Standing;N/A;700 000 DHS;70 m²;154 m²;N/A;https://www.liliskane.com/projet/179/jasmin
Liliskane;Jnane Souss;Agadir;Moyen Standing;N/A;745 000 DHS;71 m²;94 m²;N/A;https://www.liliskane.com/projet/188/jnane-souss
Liliskane;Al Anbar;Casablanca;Moyen Standing;N/A;505 000 DHS;57 m²;122 m²;N/A;https://www.liliskane.com/projet/189/al-anbar
Liliskane;Izdihar;Agadir;Moyen Standing;N/A;445 000 DHS;48 m²;92 m²;N/A;https://www.liliskane.com/projet/218/izdihar
Liliskane;Riad Garden I;Casablanca;Haut Standing;N/A;2 156 000 DHS;89 m²;190 m²;N/A;https://www.liliskane.com/projet/95/riad-garden-i
Liliskane;Patio Verde;Agadir;Haut Standing;N/A;580 000 DHS;45 m²;142 m²;N/A;https://www.liliskane.com/projet/192/patio-verde
Liliskane;Riad Garden II;Casablanca;Haut Standing;N/A;1 830 000 DHS;84 m²;116 m²;N/A;https://www.liliskane.com/projet/209/riad-garden-ii
Liliskane;Al Araâr;Agadir;Haut Standing;N/A;1 356 000 DHS;179 m²;287 m²;N/A;https://www.liliskane.com/projet/94/al-araar
Liliskane;Océane;Casablanca;Haut Standing;N/A;1 962 000 DHS;151 m²;151 m²;N/A;https://www.liliskane.com/projet/190/oceane
Liliskane;Amaïa;Casablanca;Haut Standing;N/A;1 130 000 DHS;72 m²;110 m²;N/A;https://www.liliskane.com/projet/211/amaia
Liliskane;Océane R+1;Casablanca;Lots de terrains;N/A;4 500 DHS;168 m²;379 m²;N/A;https://www.liliskane.com/projet/191/oceane-r-1
Liliskane;Al Maamora R+1;Casablanca;Lots de terrains;N/A;4 600 DHS;474 m²;618 m²;N/A;https://www.liliskane.com/projet/143/al-maamora-r-1
Liliskane;Al Araâr R+1;Agadir;Lots de terrains;N/A;4 200 DHS;162 m²;248 m²;N/A;https://www.liliskane.com/projet/148/al-araar-r-1
Liliskane;Al Youssoufia R+2;Had Soualem;Lots de terrains;N/A;3 450 DHS;120 m²;140 m²;N/A;https://www.liliskane.com/projet/175/al-youssoufia-r-2
Liliskane;Al Youssoufia R+3;Had Soualem;Lots de terrains;N/A;4 945 DHS;147 m²;173 m²;N/A;https://www.liliskane.com/projet/176/al-youssoufia-r-3
Addoha;هل لديك أي سؤال؟;Casablanca;N/A;N/A;N/A;N/A;N/A;N/A;https://www.groupeaddoha.com/?page_id=1487
